{
  "cognito": {
    "poolId": "us-east-1:106816e0-450a-4890-a6cc-0187f8da5a60",
    "appUserPoolClientId": "",
    "appUserPoolName": "",
    "appDomainName": "",
    "appUserPoolIdentityProvider": ""
  },
  "lex": {
    "botName": "QnABot_BotwR",
    "botAlias": "$LATEST",
    "initialText": "You are now chatting with Benny",
    "initialSpeechInstruction": "Ask me anything",
    "reInitSessionAttributesOnRestart": false
  },
  "ui": {
    "parentOrigin": "",
    "toolbarTitle": "",
    "toolbarLogo": "/logo.svg",
    "enableLogin": false,
    "AllowSuperDangerousHTMLInMessage": true,
    "shouldDisplayResponseCardTitle": false,
    "textInputPlaceholder": "Type here or click on the mic",
    "pageTitle": "Benny",
    "toolbarTheme": "light",
    "toolbarColor": "white",
    "avatarImageUrl": "/Mask%20Group.png",
    "pushInitialTextOnRestart": false,
    "showDialogStateIcon": false
  },
  "polly": {
    "voiceId": "Salli"
  },
  "recorder": {
    "enable": true,
    "preset": "speech_recognition"
  },
  "iframe": {
    "iframeOrigin": "",
    "shouldLoadIframeMinimized": false,
    "iframeSrcPath": "/index.html#/?lexWebUiEmbed=true"
  }
}